subsample,Mstar,s_best,s_err,chi2nu_lo,s_hi,s_hi_err,chi2nu_hi,g0_a0,g0_a0_err,const_g0_chi2nu,MOND,Mh_1e12,Mh_1e12_err,CDM
Bin 1,1.5e+10,0.271,0.018,0.37,4.972,0.957,8.86,0.72,0.07,0.58,1.53,0.33,0.04,3.31
Bin 2,3.2e+10,0.487,0.024,1.6,2.291,0.196,6.15,1.67,0.11,3.46,7.11,1.78,0.12,5.95
Bin 3,4.6e+10,0.518,0.022,1.22,2.551,0.205,3.08,1.96,0.12,1.54,9.87,2.56,0.15,4.23
Bin 4,8.9e+10,0.423,0.013,1.87,2.642,0.128,12.53,1.49,0.07,2.6,6.76,3.29,0.14,6.43
Global,all,0.438,0.009,2.58,2.717,0.097,8.12,1.52,0.05,3.49,6.32,xi0=14.8,-,15.9
Late-type (n<2.5),-,0.329,0.023,0.83,3.706,0.441,3.69,1.03,0.11,0.84,0.95,0.48,0.05,1.7
Early-type (n>=2.5),-,0.576,0.026,2.1,2.067,0.127,1.57,2.4,0.15,1.9,15.13,2.22,0.13,4.99
Blue (u-r),-,0.314,0.023,1.32,3.665,0.46,4.79,0.95,0.11,1.38,1.5,0.36,0.04,3.1
Red (u-r),-,0.61,0.025,3.82,2.076,0.123,1.14,2.67,0.16,2.26,22.31,1.77,0.09,5.55
